maria.jenkins@acmecorp.com,Maria Jenkins
thomas.liu@acmecorp.com,Thomas Liu
lauren.meyer@acmecorp.com,Lauren Meyer
daniel.rodriguez@acmecorp.com,Daniel Rodriguez
emma.kim@acmecorp.com,Emma Kim
james.nguyen@acmecorp.com,James Nguyen
sofia.hughes@acmecorp.com,Sofia Hughes
david.patel@acmecorp.com,David Patel
olivia.morris@acmecorp.com,Olivia Morris
ryan.baker@acmecorp.com,Ryan Baker
isabella.lee@acmecorp.com,Isabella Lee
john.carter@acmecorp.com,John Carter
ava.hamilton@acmecorp.com,Ava Hamilton
noah.thompson@acmecorp.com,Noah Thompson
mia.turner@acmecorp.com,Mia Turner
elijah.james@acmecorp.com,Elijah James
abigail.green@acmecorp.com,Abigail Green
lucas.wright@acmecorp.com,Lucas Wright
charlotte.diaz@acmecorp.com,Charlotte Diaz
matthew.king@acmecorp.com,Matthew King
amelia.scott@acmecorp.com,Amelia Scott
jack.martinez@acmecorp.com,Jack Martinez
harper.walker@acmecorp.com,Harper Walker
benjamin.allen@acmecorp.com,Benjamin Allen
ella.torres@acmecorp.com,Ella Torres
henry.ramirez@acmecorp.com,Henry Ramirez
lily.ward@acmecorp.com,Lily Ward
sebastian.cooper@acmecorp.com,Sebastian Cooper
grace.perez@acmecorp.com,Grace Perez
leo.bailey@acmecorp.com,Leo Bailey
chloe.brooks@acmecorp.com,Chloe Brooks
jackson.reed@acmecorp.com,Jackson Reed
zoe.mitchell@acmecorp.com,Zoe Mitchell
aiden.rivera@acmecorp.com,Aiden Rivera
nora.foster@acmecorp.com,Nora Foster
logan.bennett@acmecorp.com,Logan Bennett
layla.hayes@acmecorp.com,Layla Hayes
jayden.morris@acmecorp.com,Jayden Morris
ella.gray@acmecorp.com,Ella Gray
mason.kelly@acmecorp.com,Mason Kelly
penelope.hughes@acmecorp.com,Penelope Hughes
levi.jenkins@acmecorp.com,Levi Jenkins
scarlett.ward@acmecorp.com,Scarlett Ward
isaac.long@acmecorp.com,Isaac Long
ellie.watson@acmecorp.com,Ellie Watson
nathan.bryant@acmecorp.com,Nathan Bryant
hazel.phillips@acmecorp.com,Hazel Phillips
andrew.hughes@acmecorp.com,Andrew Hughes
arabella.dunn@acmecorp.com,Arabella Dunn
luke.foster@acmecorp.com,Luke Foster
madeline.ross@acmecorp.com,Madeline Ross
grayson.harper@acmecorp.com,Grayson Harper
riley.morris@acmecorp.com,Riley Morris
carter.clark@acmecorp.com,Carter Clark
lillian.roberts@acmecorp.com,Lillian Roberts
theo.morgan@acmecorp.com,Theo Morgan
audrey.ramos@acmecorp.com,Audrey Ramos
ezra.wood@acmecorp.com,Ezra Wood
violet.peters@acmecorp.com,Violet Peters
caleb.johnson@acmecorp.com,Caleb Johnson
stella.richards@acmecorp.com,Stella Richards
joseph.mccoy@acmecorp.com,Joseph McCoy
savannah.miles@acmecorp.com,Savannah Miles
owen.jordan@acmecorp.com,Owen Jordan
anna.henderson@acmecorp.com,Anna Henderson
gabriel.flores@acmecorp.com,Gabriel Flores
zoey.cole@acmecorp.com,Zoey Cole
julian.banks@acmecorp.com,Julian Banks
leah.parker@acmecorp.com,Leah Parker
isaiah.evans@acmecorp.com,Isaiah Evans
paisley.edwards@acmecorp.com,Paisley Edwards
wyatt.butler@acmecorp.com,Wyatt Butler
natalie.jenkins@acmecorp.com,Natalie Jenkins
dominic.gray@acmecorp.com,Dominic Gray
luna.cook@acmecorp.com,Luna Cook
christian.bailey@acmecorp.com,Christian Bailey
aria.sanders@acmecorp.com,Aria Sanders
jaxon.bryant@acmecorp.com,Jaxon Bryant
elena.price@acmecorp.com,Elena Price
easton.bishop@acmecorp.com,Easton Bishop
ruby.murphy@acmecorp.com,Ruby Murphy
hunter.cox@acmecorp.com,Hunter Cox
claire.wells@acmecorp.com,Claire Wells
adrian.richardson@acmecorp.com,Adrian Richardson
nina.barnes@acmecorp.com,Nina Barnes
joshua.hart@acmecorp.com,Joshua Hart
lucy.dixon@acmecorp.com,Lucy Dixon
adam.hayes@acmecorp.com,Adam Hayes
ivy.stone@acmecorp.com,Ivy Stone
brayden.manning@acmecorp.com,Brayden Manning
julia.garrett@acmecorp.com,Julia Garrett
xavier.simmons@acmecorp.com,Xavier Simmons
melanie.owens@acmecorp.com,Melanie Owens
roman.webb@acmecorp.com,Roman Webb
reagan.gibson@acmecorp.com,Reagan Gibson
cole.thomas@acmecorp.com,Cole Thomas
jocelyn.palmer@acmecorp.com,Jocelyn Palmer
bennett.steele@acmecorp.com,Bennett Steele
delilah.newton@acmecorp.com,Delilah Newton